"n.obs","location","logger","altitude.m.bf","RASTERVALU","altitude.m.pred","altitude.m.diff","N","sd","altitude.m.e_err","altitude.m.rel_err"
4420,"BAOL015X","barodata/BAOL015X_72527.csv",-84.5824703368058,28.2900009155,-8.27766035857381,76.304809978232,4420,0.509189532717312,16.9729844239104,4.4956625230115
4480,"BAOL109X","barodata/BAOL109X_P4024.csv",78.8182967408095,60,18.9808794316394,59.8374173091701,4477,0.509189532717312,16.9729844239104,3.52545055216542
7670,"BAOL004X","barodata/BAOL004X_77561.csv",-60.7494294285096,35.7200012207,-1.89068575094637,58.8587436775632,7667,0.509189532717312,16.9729844239104,3.46778988347194
960,"BAOL849X","barodata/BAOL849X_A9771.csv",97.6505722378009,4.44999980927,-28.7709948749581,126.421567112759,958,1.23602772563282,41.2009241877606,3.06841580874816
3050,"BAOL029X","barodata/BAOL029X_R6549.csv",-72.3484910051691,30.6499996185,-6.24895898967273,66.0995320154964,3054,0.652545349991928,21.7515116663976,3.0388477375395
7420,"BAOL019X","barodata/BAOL019X_77560.csv",-22.0467595521628,70.25,27.7919813211459,49.8387408733087,7425,0.509189532717312,16.9729844239104,2.93635695576903
3480,"BAOL014X","barodata/BAOL014X_R6519.csv",-51.8589028657131,25.8199996948,-10.4009220583585,41.4579808073546,3478,0.519167478019514,17.3055826006505,2.39564201703307
2170,"BAOL845X","barodata/BAOL845X_P2_15488.csv",-80.5597788114833,22.6700000763,-13.1087237745058,67.4510550369775,2167,0.88756501143468,29.585500381156,2.27986865755157
6060,"BAOL027X","barodata/BAOL027X_77554.csv",-10.9624089514,69.1100006104,26.8120153918053,37.7744243432053,6065,0.509189532717312,16.9729844239104,2.22556171618182
780,"BAOL070X","barodata/BAOL070X_B9393.csv",75.0148203532997,6.59000015259,-26.9314084292438,101.946228782543,775,1.37759946546158,45.9199821820527,2.22008424085121
840,"BAOL088X","barodata/BAOL088X_B5548.csv",64.5367587054929,7.38999986649,-26.2437129179512,90.7804716234442,841,1.31686607483903,43.8955358279677,2.06810259656528
3360,"BAOL012X","barodata/BAOL012X_D1095.csv",7.05851276551619,1.96000003815,-30.911447722586,37.9699604881022,3355,0.57709455603973,19.2364852013243,1.97385125664683
4400,"BAOL093X","barodata/BAOL093X_78679.csv",-11.1254995603339,62.7000007629,21.3018532680938,32.4273528284276,4396,0.509189532717312,16.9729844239104,1.91052746049458
4970,"BAOL064X","barodata/BAOL064X_59976.csv",-12.7562652604638,59.9599990845,18.9464938567961,31.7027591172599,4967,0.509189532717312,16.9729844239104,1.86783645854286
2160,"BAOL054X","barodata/BAOL054X_F6598.csv",104.657061433867,94.6399993896,48.7581051949766,55.8989562388903,2165,0.907667703418411,30.255590113947,1.84755795634349
1540,"BAOL071X","barodata/BAOL071X_H4445.csv",49.1469932670725,22.4200000763,-13.3236286986401,62.4706219657126,1539,1.04442923853474,34.8143079511582,1.79439505313029
4020,"BAOL009X","barodata/BAOL009X_78681.csv",-37.8378855458288,27.8899993896,-8.62150954888239,29.2163759969464,4023,0.509189532717312,16.9729844239104,1.7213458321324
5390,"BAOL001X","barodata/BAOL001X_D0939.csv",7.1973818205956,15.6300001144,-19.1604464053763,26.3578282259719,5391,0.509189532717312,16.9729844239104,1.55292832230734
4810,"BAOL053X","barodata/BAOL053X_L2518.csv",-20.3359749423708,43.0600013733,4.41892295281474,24.7548978951856,4814,0.509189532717312,16.9729844239104,1.45848822322093
1080,"BAOL056X","barodata/BAOL056X_R6550.csv",-43.3266161546901,44.25,5.44186921117829,48.7684853658684,1079,1.16803723059484,38.9345743531613,1.25257527984016
5440,"BAOL017X","barodata/BAOL017X_72523.csv",-2.96784007196038,12.1700000763,-22.1347305881465,19.1668905161862,5444,0.509189532717312,16.9729844239104,1.12925871122495
3290,"BAOL002X","barodata/BAOL002X_78678.csv",6.17632907195597,70.9100036621,28.3593334688737,22.1830043969177,3289,0.603864838002641,20.1288279334214,1.10205146918096
8240,"BAOL023X","barodata/BAOL023X_77556.csv",-0.0295181900687916,59.1800003052,18.2759915428348,18.3055097329036,8241,0.509189532717312,16.9729844239104,1.07850860377366
7270,"BAOL846X","barodata/BAOL846X_P2_825.csv",-22.6791362009723,32.3300018311,-4.80479599749567,17.8743402034766,7274,0.509189532717312,16.9729844239104,1.05310532061153
7310,"BAOL022X","barodata/BAOL022X_B5469.csv",11.691203535275,71.9300003052,29.2361426736843,17.5449391384093,7308,0.509189532717312,16.9729844239104,1.0336979461133
4950,"BAOL021X","barodata/BAOL021X_78685.csv",4.05285993647689,62.9199981689,21.4909673714785,17.4381074350016,4953,0.509189532717312,16.9729844239104,1.02740372579591
3040,"BAOL005X","barodata/BAOL005X_72525.csv",-19.9286038761014,39.7700004578,1.59077336422548,21.5193772403269,3042,0.653367719773727,21.7789239924576,0.988082664128837
4550,"BAOL008X","barodata/BAOL008X_72528.csv",-32.3055742704198,19.7700004578,-15.6016205665188,16.703953703901,4549,0.509189532717312,16.9729844239104,0.984149474642158
550,"BAOL541X","barodata/BAOL541X_B_00640.csv",42.2081179287768,22.2594013214,-13.4616825515915,55.6698004803683,552,1.70438253057506,56.8127510191688,0.979882147611285
6830,"BAOL090X","barodata/BAOL090X_29502.csv",4.4791275604264,24.4799995422,-11.5528125828963,16.0319401433227,6831,0.509189532717312,16.9729844239104,0.944556345714781
1200,"BAOL009X","barodata/BAOL009X_78680.csv",25.6343880743788,27.8899993896,-8.62150954888239,34.2558976232612,1204,1.09998815013092,36.6662716710308,0.934261817798237
6380,"BAOL010X","barodata/BAOL010X_78686.csv",58.9117246333549,89.1100006104,44.0044093225496,14.9073153108053,6385,0.509189532717312,16.9729844239104,0.878296647100254
3920,"BAOL828X","barodata/BAOL828X_P2_15705.csv",11.5974720285626,68.4797744751,26.2702605926289,14.6727885640663,3921,0.509189532717312,16.9729844239104,0.864478997776974
850,"BAOL045X","barodata/BAOL045X_59223.csv",-52.4090142299481,19.0300006866,-16.2377389452754,36.1712752846727,854,1.32158313159691,44.0527710532302,0.821089670862384
1720,"BAOL079X","barodata/BAOL079X_R6513.csv",-20.5396545041087,44.9799995422,6.06939119611656,26.6090457002253,1721,0.979874106937461,32.6624702312487,0.814667277515587
2840,"BAOL823X","barodata/BAOL823X_P2_15607.csv",-48.0725849712196,4.23999977112,-28.9515150440254,19.1210699271942,2842,0.709352402304604,23.6450800768201,0.808670127784389
720,"BAOL529X","barodata/BAOL529X_B_B2121.csv",73.1238796307182,80.0492477417,36.215607691159,36.9082719395593,723,1.41195254784324,47.0650849281081,0.784196437676392
4530,"BAOL056X","barodata/BAOL056X_D0924.csv",18.6400173265611,44.25,5.44186921117829,13.1981481153828,4533,0.509189532717312,16.9729844239104,0.777597373906153
3760,"BAOL036X","barodata/BAOL036X_72524.csv",-14.7128472566902,35.1300010681,-2.39786150308129,12.3149857536089,3765,0.509189532717312,16.9729844239104,0.72556395775986
3240,"BAOL095X","barodata/BAOL095X_R6514.csv",-1.78444899705273,52.4000015259,12.4477710496503,14.232220046703,3236,0.625160941539808,20.8386980513269,0.682970692873816
2350,"BAOL052X","barodata/BAOL052X_F6620.csv",-9.33136243832695,5.11999988556,-28.1950496126978,18.8636871743708,2352,0.830781931907105,27.6927310635702,0.681178289388222
1970,"BAOL028X","barodata/BAOL028X_78683.csv",-3.45747981747571,9.64999961853,-24.3009726169284,20.8434927994527,1967,0.933662804173869,31.1220934724623,0.669732992669521
1810,"BAOL503X","barodata/BAOL503X_B_00290.csv",-50.8435204484123,4.21000003815,-28.9773034053773,21.866217043035,1813,0.988903786110689,32.963459537023,0.663347153185665
5790,"BAOL066X","barodata/BAOL066X_B5554.csv",10.0568621802757,36.5600013733,-1.16860507467715,11.2254672549529,5790,0.509189532717312,16.9729844239104,0.661372624553828
1540,"BAOL824X","barodata/BAOL824X_P2_15563.csv",-52.4383735109688,3.20000004768,-29.8455192906877,22.5928542202811,1542,1.04442923853474,34.8143079511582,0.648953133061762
5200,"BAOL900X","barodata/BAOL900X_D0000.csv",-38.2445572909179,5.38000011444,-27.9715482948483,10.2730089960696,5205,0.509189532717312,16.9729844239104,0.605256491109344
4030,"BAOL006X","barodata/BAOL006X_179843.csv",38.9999536131514,71.4700012207,28.840718400259,10.1592352128924,4033,0.509189532717312,16.9729844239104,0.598553263183389
300,"BAOL110X","barodata/BAOL110X_637648.csv",65.6159922607458,54.5400009155,14.2873566755281,51.3286355852177,304,2.60461264794574,86.8204215981913,0.591204634121323
2470,"BAOL077X","barodata/BAOL077X_26425.csv",-14.2237361999465,3.84999990463,-29.2867666109071,15.0630304109606,2471,0.775454445543672,25.8484815181224,0.582743338342713
1260,"BAOL094X","barodata/BAOL094X_R0051.csv",35.6228035211381,103.222831726,56.1360769234226,20.5132734022845,1258,1.06572321951009,35.5241073170031,0.577446555355555
5430,"BAOL031X","barodata/BAOL031X_A7250.csv",18.4355742481312,48.7000007629,9.26717751657277,9.16839673155847,5434,0.509189532717312,16.9729844239104,0.540175876120091
1850,"BAOL090X","barodata/BAOL090X_151137.csv",5.36813407968741,24.4799995422,-11.5528125828963,16.9209466625837,1850,0.940913791764107,31.3637930588036,0.539505748901572
1680,"BAOL838X","barodata/BAOL838X_P2_17222.csv",-1.04475313924887,15.9200000763,-18.911156726132,17.8664035868831,1678,1.00224794744803,33.4082649149343,0.53478992795272
1460,"BAOL850X","barodata/BAOL850X_T5742.csv",-46.6184681631253,4.47663402557,-28.7480995780248,17.8703685851005,1461,1.06168712752666,35.3895709175554,0.504961436993172
2000,"BAOL034X","barodata/BAOL034X_F9154.csv",-10.1626007392409,7.88000011444,-25.8224990535053,15.6598983142644,2001,0.931012597822878,31.0337532607626,0.504608584810265
1090,"BAOL515X","barodata/BAOL515X_B_0029D.csv",-28.887091143343,25.6222190857,-10.570938165534,18.3161529778091,1089,1.13609803854294,37.8699346180981,0.483659482450116
1350,"BAOL505X","barodata/BAOL505X_B_B2123.csv",7.15653778865999,26.8099994659,-9.5498987555536,16.7064365442136,1354,1.05864847622958,35.2882825409859,0.473427306211622
1690,"BAOL514X","barodata/BAOL514X_B_0029C.csv",-24.8160060254332,26.7999992371,-9.55849514919995,15.2575108762332,1693,0.971982769847574,32.3994256615858,0.470919177259467
7310,"BAOL037X","barodata/BAOL037X_C7829.csv",-2.19253007087271,26.2000007629,-10.0742656555145,7.88173558464184,7311,0.509189532717312,16.9729844239104,0.464369458416434
4390,"BAOL040X","barodata/BAOL040X_171285.csv",52.7892330748483,90.2600021362,44.9929732851751,7.79625978967317,4390,0.509189532717312,16.9729844239104,0.459333467524445
3140,"BAOL810X","barodata/BAOL810X_P2_15618.csv",-19.6445159619473,4.21999979019,-28.9687074215632,9.32419145961587,3142,0.624214257942077,20.8071419314026,0.448124566572193
1030,"BAOL540X","barodata/BAOL540X_B_B2116.csv",-32.7938374993594,20.1100006104,-15.3093497385182,17.4844877608412,1026,1.1959038304036,39.8634610134532,0.4386093760133
1720,"BAOL038X","barodata/BAOL038X_59979.csv",-44.3427307433502,2.77999997139,-30.2065596288137,14.1361711145365,1721,0.979874106937461,32.6624702312487,0.432795529990632
360,"BAOL539X","barodata/BAOL539X_B_B2122.csv",18.4355742481312,20.6499996185,-14.8451559550449,33.2807302031761,361,2.34573644723076,78.191214907692,0.425632601341025
960,"BAOL091X","barodata/BAOL091X_73922.csv",32.3468570119478,55.4300003052,15.0524176808203,17.2944393311275,961,1.23602772563282,41.2009241877606,0.419758529015354
4130,"BAOL086X","barodata/BAOL086X_179793.csv",-22.7455831529211,19.7099990845,-15.6531989288268,7.09238422409438,4132,0.509189532717312,16.9729844239104,0.417863119823707
360,"BAOL102X","barodata/BAOL102X_T5760.csv",-56.3254114337304,10.25,-23.785200471087,32.5402109626434,363,2.34573644723076,78.191214907692,0.416161981893472
1640,"BAOL552X","barodata/BAOL552X_B_002A7.csv",-3.62068795183089,49.5200004578,9.97206540546331,13.5927533572942,1637,0.981873204146003,32.7291068048668,0.415310855818191
11370,"BAOL901X","barodata/BAOL901X_D0001.csv",-18.3804485772743,8.35000038147,-25.4184775665886,7.03802898931426,11366,0.509189532717312,16.9729844239104,0.414660663884164
840,"BAOL547X","barodata/BAOL547X_B_B2137.csv",-11.2070439074876,46,6.94620368011842,18.1532475876061,837,1.31686607483903,43.8955358279677,0.413555666771013
740,"BAOL098X","barodata/BAOL098X_A0000.csv",37.2611635116387,102.702072144,55.6884217295749,18.4272582179362,737,1.36277188772303,45.4257295907677,0.40565684654807
1030,"BAOL555X","barodata/BAOL555X_B_004B7.csv",-7.19022631929315,48.3600006104,8.97490668865811,16.1651330079513,1031,1.1959038304036,39.8634610134532,0.405512531952401
2210,"BAOL542X","barodata/BAOL542X_B_002A5.csv",-36.8862116669893,8.53999996185,-25.2551501849601,11.6310614820292,2210,0.865740101377174,28.8580033792391,0.403044567192642
4420,"BAOL072X","barodata/BAOL072X_180758.csv",24.1696805739086,73.9499969482,30.9725715749462,6.80289100103754,4423,0.509189532717312,16.9729844239104,0.400807001946816
2490,"BAOL013A","barodata/BAOL013A_L2546.csv",9.03552906401308,36.5600013733,-1.16860507467715,10.2041341386902,2492,0.774723173506989,25.8241057835663,0.395139883030678
1360,"BAOL500X","barodata/BAOL500X_B_0029B.csv",-19.9286038761014,30.2999992371,-6.5498262113197,13.3787776647817,1361,1.0260097959613,34.2003265320432,0.391188594420196
190,"BAOL545X","barodata/BAOL545X_B_006DC.csv",46.1838288965737,44.9799995422,6.06939119611656,40.1144377004571,189,3.23196129025195,107.732043008398,0.372353819534732
1400,"BAOL510X","barodata/BAOL510X_B_00296.csv",-26.2817798580867,22.1499996185,-13.555726410239,12.7260534478476,1399,1.03597279335258,34.5324264450859,0.36852473914872
1060,"BAOL513X","barodata/BAOL513X_B_00298.csv",-19.3338135210122,31.3799991608,-5.6214370046485,13.7123765163637,1064,1.152338830448,38.4112943482668,0.356988139791297
1890,"BAOL833X","barodata/BAOL833X_P2_15608.csv",25.3397623786738,53.9700012207,13.7973737108578,11.542388667816,1886,0.973252476637488,32.4417492212496,0.355788110841313
980,"BAOL551X","barodata/BAOL551X_B_004AF.csv",27.5044398742571,53.3600006104,13.2730051713442,14.2314347029129,981,1.23607269360249,41.2024231200829,0.345402858017257
320,"BAOL010X","barodata/BAOL010X_637930.csv",15.6273869069379,89.1100006104,44.0044093225496,28.3770224156116,318,2.48888881274455,82.9629604248185,0.342044477081155
1640,"BAOL839X","barodata/BAOL839X_P2_15707.csv",-41.6657221749207,2.34999990463,-30.5761961557129,11.0895260192078,1636,0.981873204146003,32.7291068048668,0.338827640036874
1320,"BAOL520X","barodata/BAOL520X_B_B2134.csv",43.8171838304872,75.7099990845,32.4855040772572,11.33167975323,1319,1.0427412194171,34.7580406472368,0.326016068288673
1380,"BAOL506X","barodata/BAOL506X_B_00292.csv",-23.3500260222155,23.1700000763,-12.6789139262372,10.6711120959783,1375,1.04357006230721,34.7856687435736,0.306767484467283
5930,"BAOL068X","barodata/BAOL068X_180816.csv",13.0100568040391,47.0099983215,7.81441813074935,5.1956386732898,5932,0.509189532717312,16.9729844239104,0.30611226308383
1140,"BAOL548X","barodata/BAOL548X_B_B2112.csv",-4.43669027178937,45.9399986267,6.89462531781046,11.3313155895998,1141,1.11405020739367,37.1350069131223,0.305138372967307
1070,"BAOL554X","barodata/BAOL554X_B_004BB.csv",-3.85325512546877,46.9799995422,7.78863058919099,11.6418857146598,1072,1.17637869035252,39.2126230117506,0.296891276851618
1360,"BAOL519X","barodata/BAOL519X_B_0029F.csv",-24.8852277606182,20.4099998474,-15.0514644854468,9.83376327517138,1358,1.0260097959613,34.2003265320432,0.287534192574386
690,"BAOL523X","barodata/BAOL523X_B_004B6.csv",45.6208137264866,74.9100036621,31.7978122550226,13.8230014714641,689,1.47274920239193,49.0916400797312,0.281575466800737
1060,"BAOL528X","barodata/BAOL528X_B_B2128.csv",46.010274856039,78.9800033569,35.2964641575731,10.7138106984659,1064,1.152338830448,38.4112943482668,0.278923448955564
1410,"BAOL511X","barodata/BAOL511X_B_00297.csv",-24.8730121936835,19.9500007629,-15.4468887588721,9.42612343481136,1406,1.05207281657389,35.0690938857963,0.268787196655489
5930,"BAOL016X","barodata/BAOL016X_77551.csv",-30.1895026261543,8.10000038147,-25.6333824907229,4.55612013543147,5928,0.509189532717312,16.9729844239104,0.268433648534615
720,"BAOL546X","barodata/BAOL546X_B_0078C.csv",20.7409025187487,47.4500007629,8.19265289590125,12.5482496228474,722,1.41195254784324,47.0650849281081,0.266614830123325
2540,"BAOL836X","barodata/BAOL836X_P2_16668.csv",-12.7661284838478,14.9499998093,-19.7449880612915,6.97885957744372,2543,0.786619457605941,26.2206485868647,0.2661589225882
1360,"BAOL501X","barodata/BAOL501X_B_00299.csv",-20.7433300851457,24.2900009155,-11.7161391447227,9.02719094042307,1360,1.0260097959613,34.2003265320432,0.263950431349398
210,"BAOL512X","barodata/BAOL512X_B_00603.csv",11.2144941445842,20.4799995422,-14.9912913690452,26.2057855136293,212,3.03506443548182,101.168814516061,0.259030271719445
410,"BAOL092X","barodata/BAOL092X_42183.csv",7.09118767071441,25.1700000763,-10.9596745331628,18.0508622038772,414,2.11687072695695,70.5623575652315,0.25581432971808
3720,"BAOL089X","barodata/BAOL089X_362591.csv",8.82702886588049,43.1699981689,4.51347836486848,4.31355050101201,3718,0.509189532717312,16.9729844239104,0.254142135129481
3230,"BAOL024X","barodata/BAOL024X_B1015.csv",-15.0389085401912,14.3100004196,-20.2951441424495,5.25623560225828,3230,0.627641953462178,20.9213984487393,0.251237297312457
4250,"BAOL005X","barodata/BAOL005X_B5551.csv",-2.60059515911647,39.7700004578,1.59077336422548,4.19136852334195,4251,0.509189532717312,16.9729844239104,0.246943520282587
3880,"BAOL033X","barodata/BAOL033X_C6550.csv",-15.8540171139958,14.6700000763,-19.9856813468035,4.13166423280772,3882,0.509189532717312,16.9729844239104,0.243425913181615
1110,"BAOL084X","barodata/BAOL084X_U8327.csv",1.82368317444588,50.9000015259,11.1583415048445,9.33465833039859,1109,1.15155734098933,38.3852446996445,0.243183504584642
3220,"BAOL830X","barodata/BAOL830X_P2_15562.csv",29.9217770073028,66.8899993896,24.903658616069,5.01811839123384,3223,0.623340677254265,20.7780225751422,0.241510873957625
1060,"BAOL040X","barodata/BAOL040X_555351.csv",54.0837181911142,90.2600021362,44.9929732851751,9.09074490593905,1061,1.152338830448,38.4112943482668,0.23666853877704
1190,"BAOL527X","barodata/BAOL527X_B_B2130.csv",42.9974553901764,77.8600006104,34.3336877365059,8.66376765367053,1190,1.10539719365541,36.8465731218469,0.235130893313214
1640,"BAOL544X","barodata/BAOL544X_B_002A6.csv",18.5991283897238,68.3600006104,26.1673006194024,7.56817222967861,1637,0.981873204146003,32.7291068048668,0.231236748219271
3520,"BAOL825X","barodata/BAOL825X_P2_16665.csv",-27.081608675163,1.86000001431,-30.997409712733,3.91580103757001,3515,0.509189532717312,16.9729844239104,0.230707867265446
870,"BAOL515X","barodata/BAOL515X_B_00558.csv",-20.3033858431004,25.6222190857,-10.570938165534,9.73244767756645,871,1.30177043747192,43.3923479157306,0.224289492158092
780,"BAOL100X","barodata/BAOL100X_T5736.csv",-25.6303502703496,20.0400009155,-15.3695228550058,10.2608274153438,781,1.37759946546158,45.9199821820527,0.22345016107942
1370,"BAOL537X","barodata/BAOL537X_B_002A1.csv",-17.9363300007148,26.0499992371,-10.2032099216029,7.73312007911196,1368,1.0412547828165,34.7084927605499,0.222801956064814
3560,"BAOL822X","barodata/BAOL822X_P2_15621.csv",-32.8447461690233,4.07999992371,-29.089054064302,3.75569210472129,3562,0.509189532717312,16.9729844239104,0.221274704019084
920,"BAOL518X","barodata/BAOL518X_B_004C4.csv",-24.0015981475975,20.6900005341,-14.8107703801156,9.19082776748195,921,1.25280898848925,41.7602996163082,0.220085292776318
2500,"BAOL842X","barodata/BAOL842X_t1108.csv",-14.5294333008748,14.3500003815,-20.2607593873395,5.73132608646467,2504,0.787062826322144,26.2354275440715,0.218457506622941
730,"BAOL837X","barodata/BAOL837X_P2_15695.csv",9.82263713350361,37.4300003052,-0.420736856849572,10.2433739903532,729,1.43690693921943,47.8968979739811,0.213862993714492
1570,"BAOL012X","barodata/BAOL012X_78680.csv",-37.8378855458288,1.96000003815,-30.911447722586,6.92643782324276,1573,0.989846098295916,32.9948699431972,0.209924689358287
1680,"BAOL018X","barodata/BAOL018X_42112.csv",-9.18449689435455,19.2009468079,-16.0907902923592,6.90629339800469,1685,1.00224794744803,33.4082649149343,0.206724097033767
420,"BAOL006X","barodata/BAOL006X_555569.csv",42.8524283796518,71.4700012207,28.840718400259,14.0117099793928,421,2.04057735980344,68.0192453267812,0.205996257560299
850,"BAOL800X","barodata/BAOL800X_P2_15615.csv",-15.4505006931913,9.48999977112,-24.438511637205,8.9880109440137,854,1.32158313159691,44.0527710532302,0.204028276295111
1000,"BAOL532X","barodata/BAOL532X_B_004AD.csv",28.8263640373648,62.1399993896,20.8204650575172,8.00589897984763,1005,1.18763563005601,39.5878543352002,0.202231192225264
1720,"BAOL835X","barodata/BAOL835X_P2_16672.csv",-22.5145271543852,4.15000009537,-29.0288805379821,6.51435338359687,1721,0.979874106937461,32.6624702312487,0.199444602244581
1610,"BAOL064X","barodata/BAOL064X_A7255.csv",12.3041476759209,59.9599990845,18.9464938567961,6.64234618087519,1607,0.999643986329137,33.3214662109712,0.199341353673332
1190,"BAOL816X","barodata/BAOL816X_P2_16672.csv",-23.7678738900338,1.86000001431,-30.997409712733,7.22953582269923,1193,1.10539719365541,36.8465731218469,0.196206463998486
1140,"BAOL840X","barodata/BAOL840X_P2_15468.csv",-0.603616348651205,28.9799995422,-7.68452394847886,7.08090759982765,1143,1.11405020739367,37.1350069131223,0.19068012068487
860,"BAOL507X","barodata/BAOL507X_B_004B5.csv",-30.7673955968714,11.6499996185,-22.5817332238798,8.18566237299163,865,1.31424673428903,43.8082244763011,0.186852182914188
790,"BAOL108X","barodata/BAOL108X_BA612.csv",-10.3562331443422,35.1399993896,-2.38926674898758,7.96696639535462,793,1.34514387129044,44.8381290430147,0.177682846394229
160,"BAOL516X","barodata/BAOL516X_B_002A0.csv",-35.804288834566,19.4099998474,-15.9110841819841,19.893204652582,159,3.40178260463309,113.39275348777,0.175436295889293
850,"BAOL813X","barodata/BAOL813X_P2_15555.csv",-23.6317149856317,1.52999997139,-31.2810842494852,7.64936926385352,847,1.32158313159691,44.0527710532302,0.173641046430668
780,"BAOL502X","barodata/BAOL502X_B_00555.csv",-17.4392207040648,26.8799991608,-9.48972563906596,7.94949506499879,782,1.37759946546158,45.9199821820527,0.173116248901894
1300,"BAOL550X","barodata/BAOL550X_B_004C3.csv",17.6314704174099,51.5999984741,11.7600726690331,5.8713977483768,1295,1.05600248647218,35.2000828824059,0.166800679645885
1340,"BAOL829X","barodata/BAOL829X_P2_15611.csv",31.9672250999124,68.4800033569,26.2704573439323,5.6967677559801,1339,1.04602131263823,34.867377087941,0.163383891527371
1030,"BAOL549X","barodata/BAOL549X_B_B2138.csv",3.8895340872194,50,10.3846824662673,6.49514837904787,1027,1.1959038304036,39.8634610134532,0.162934883573102
3080,"BAOL818X","barodata/BAOL818X_P2_16673.csv",-27.7649366535553,1.59000003338,-31.2295070144051,3.46457036084988,3079,0.64347871438172,21.4492904793907,0.161523774605914
3080,"BAOL815X","barodata/BAOL815X_P2_16660.csv",-27.5899578681796,1.79999995232,-31.0489869478131,3.45902907963345,3081,0.64347871438172,21.4492904793907,0.161265431271819
760,"BAOL553X","barodata/BAOL553X_B_004BA.csv",4.70618894566472,51.9500007629,12.0609415303187,7.35475258465399,763,1.36848753273862,45.6162510912874,0.161230973802201
640,"BAOL055X","barodata/BAOL055X_555350.csv",-14.2286151960976,30.7600002289,-6.15440029834177,8.07421489775584,645,1.52648646039931,50.8828820133104,0.158682342239257
3080,"BAOL820X","barodata/BAOL820X_P2_16674.csv",-28.0178205106092,1.5,-31.3068728157876,3.28905230517836,3079,0.64347871438172,21.4492904793907,0.153340843993819
850,"BAOL809X","barodata/BAOL809X_P2_15697.csv",-18.3674846575304,8.90999984741,-24.9370909956162,6.56960633808584,849,1.32158313159691,44.0527710532302,0.14913037661462
850,"BAOL801X","barodata/BAOL801X_P2_15706.csv",-17.4783481401601,9.98999977112,-24.0087017889364,6.53035364877628,854,1.32158313159691,44.0527710532302,0.148239338698705
420,"BAOL053X","barodata/BAOL053X_555339.csv",14.3061364615803,43.0600013733,4.41892295281474,9.88721350876552,421,2.04057735980344,68.0192453267812,0.145359059208389
1040,"BAOL031X","barodata/BAOL031X_B5554.csv",14.9606559337441,48.7000007629,9.26717751657277,5.69347841717138,1041,1.17618788033209,39.2062626777362,0.145218595915915
3080,"BAOL817X","barodata/BAOL817X_P2_16659.csv",-27.9015968735883,1.84000003338,-31.0146020902708,3.11300521668252,3081,0.64347871438172,21.4492904793907,0.145133249030947
500,"BAOL545X","barodata/BAOL545X_B_004B4.csv",-2.62099799391973,44.9799995422,6.06939119611656,8.69038919003629,498,1.80414780763657,60.1382602545523,0.144506827321771
190,"BAOL107X","barodata/BAOL107X_637550.csv",-3.68702112712946,15.6499996185,-19.1432544377309,15.4562333106015,190,3.23196129025195,107.732043008398,0.143469230499941
720,"BAOL521X","barodata/BAOL521X_B_006F8.csv",42.8867969975237,79.9899978638,36.1646753290987,6.72212166842498,718,1.41195254784324,47.0650849281081,0.142826081769384
720,"BAOL525X","barodata/BAOL525X_B_004B8.csv",39.6413408550765,76.2699966431,32.9668890086425,6.67445184643401,720,1.41195254784324,47.0650849281081,0.141813232816412
1660,"BAOL522X","barodata/BAOL522X_B_B2120.csv",39.7191871724002,78.6100006104,34.9784025089088,4.7407846634914,1662,1.00625811771085,33.5419372570282,0.141339023657557
460,"BAOL503X","barodata/BAOL503X_B_009C1.csv",-20.0589643498793,4.21000003815,-28.9773034053773,8.91833905549796,463,1.90592957800552,63.5309859335174,0.14037778454801
650,"BAOL101X","barodata/BAOL101X_558536.csv",7.76903903936972,38.6800003052,0.653787763821946,7.11525127554777,654,1.52846490277103,50.9488300923678,0.139654851007337
720,"BAOL530X","barodata/BAOL530X_B_00710.csv",43.0302432880668,80.3899993896,36.5085245193213,6.52171876874544,721,1.41195254784324,47.0650849281081,0.138568086697546
60,"BAOL031X","barodata/BAOL031X_T5740.csv",-12.3893652305644,48.7000007629,9.26717751657277,21.6565427471372,57,4.76927086148793,158.975695382931,0.136225494689438
910,"BAOL502X","barodata/BAOL502X_B_B2131.csv",-15.2834478073268,26.8799991608,-9.48972563906596,5.79372216826087,912,1.28067197854079,42.6890659513595,0.13571911305959
410,"BAOL064X","barodata/BAOL064X_555340.csv",28.4818556550503,59.9599990845,18.9464938567961,9.53536179825417,406,2.11687072695695,70.5623575652315,0.135133832361528
850,"BAOL807X","barodata/BAOL807X_P2_15709.csv",-18.616761653605,9.40999984741,-24.5072811473476,5.89051949374258,849,1.32158313159691,44.0527710532302,0.133715072920723
3040,"BAOL819X","barodata/BAOL819X_P2_16661.csv",-27.7445013264854,2.29999995232,-30.6191770995445,2.87467577305913,3041,0.653367719773727,21.7789239924576,0.131993471029822
3050,"BAOL814X","barodata/BAOL814X_P2_16670.csv",-27.7975924552808,2.36999988556,-30.5590037781751,2.76141132289433,3050,0.652545349991928,21.7515116663976,0.126952616684579
850,"BAOL549X","barodata/BAOL549X_B_005F8.csv",4.88495416240872,50,10.3846824662673,5.49972830385856,854,1.32158313159691,44.0527710532302,0.1248440943071
850,"BAOL806X","barodata/BAOL806X_P2_15633.csv",-18.3674846575304,10.2700004578,-23.7680076836223,5.40052302609196,849,1.32158313159691,44.0527710532302,0.122592129779222
720,"BAOL526X","barodata/BAOL526X_B_00711.csv",38.4327490487784,76.4000015259,33.0786437665434,5.35410528223498,721,1.41195254784324,47.0650849281081,0.113759600995374
850,"BAOL805X","barodata/BAOL805X_P2_15643.csv",-20.1455301362592,8.68000030518,-25.1348031323117,4.98927299605243,849,1.32158313159691,44.0527710532302,0.113256734520145
1850,"BAOL543X","barodata/BAOL543X_B_002A8.csv",23.9569469026719,69.6100006104,27.2418252400739,3.28487833740198,1854,0.940913791764107,31.3637930588036,0.104734728074605
900,"BAOL831X","barodata/BAOL831X_P2_15698.csv",-25.5060970095411,3.3599998951,-29.7079802704025,4.20188326086141,904,1.25641860234821,41.8806200782738,0.100330015482297
920,"BAOL548X","barodata/BAOL548X_B_0055B.csv",11.0646757000093,45.9399986267,6.89462531781046,4.17005038219883,925,1.25280898848925,41.7602996163082,0.0998568118646915
850,"BAOL802X","barodata/BAOL802X_P2_15659.csv",-20.6523006276117,8.81999969482,-25.0144568994739,4.36215627186226,853,1.32158313159691,44.0527710532302,0.0990211550277131
1010,"BAOL518X","barodata/BAOL518X_B_B2129.csv",-18.7063951223168,20.6900005341,-14.8107703801156,3.89562474220126,1008,1.18037421349784,39.3458071165947,0.099009907984788
610,"BAOL848X","barodata/BAOL848X_T5738.csv",33.1657469836185,70.5800018311,28.0756573950528,5.09008958856577,609,1.57813973451097,52.6046578170323,0.0967611956771955
660,"BAOL538X","barodata/BAOL538X_B_00554.csv",-34.3751108733229,3.47000002861,-29.6134219890156,4.76168888430729,657,1.53192877744594,51.0642925815313,0.0932488955311501
720,"BAOL524X","barodata/BAOL524X_B_004B9.csv",37.1792393866774,76.1299972534,32.8465427757532,4.33269661092417,721,1.41195254784324,47.0650849281081,0.0920575542898171
840,"BAOL536X","barodata/BAOL536X_B_0055A.csv",-20.4174472447763,18.8299999237,-16.4096635403867,4.00778370438966,845,1.31686607483903,43.8955358279677,0.0913027629984215
850,"BAOL808X","barodata/BAOL808X_P2_15637.csv",-20.9015229771082,8.97000026703,-24.8855134531104,3.98399047600217,849,1.32158313159691,44.0527710532302,0.0904367734594539
1750,"BAOL096X","barodata/BAOL096X_177936.csv",-18.3508659790994,20.0100002289,-15.3953120361168,2.95555394298262,1753,1.00188554625666,33.3961848752219,0.088499747921071
160,"BAOL538X","barodata/BAOL538X_B_002A2.csv",-39.4644773568783,3.47000002861,-29.6134219890156,9.85105536786276,157,3.40178260463309,113.39275348777,0.0868755283284066
810,"BAOL544X","barodata/BAOL544X_B_0078B.csv",30.1082041639802,68.3600006104,26.1673006194024,3.94090354457781,810,1.36240634249284,45.4135447497615,0.0867781532204334
870,"BAOL032X","barodata/BAOL032X_C7836.csv",-18.2989603480512,20.8799991608,-14.6474438182892,3.65151652976194,868,1.30177043747192,43.3923479157306,0.0841511627085334
640,"BAOL505X","barodata/BAOL505X_B_006D9.csv",-5.66907261018584,26.8099994659,-9.5498987555536,3.88082614536776,642,1.52648646039931,50.8828820133104,0.076269778593763
360,"BAOL036X","barodata/BAOL036X_588974.csv",3.29251578699978,35.1300010681,-2.39786150308129,5.69037729008108,359,2.34573644723076,78.191214907692,0.0727751486762139
850,"BAOL517X","barodata/BAOL517X_B_0055C.csv",-27.2018547853857,9.98999977112,-24.0087017889364,3.19315299644926,849,1.32158313159691,44.0527710532302,0.0724847250265116
850,"BAOL804X","barodata/BAOL804X_P2_15641.csv",-21.6657676873655,9.01000022888,-24.8511286980434,3.18536101067785,853,1.32158313159691,44.0527710532302,0.0723078465785702
980,"BAOL051X","barodata/BAOL051X_D2544.csv",-31.1781340199629,4.92000007629,-28.3669733880499,2.81116063191296,980,1.23607269360249,41.2024231200829,0.0682280414362996
3130,"BAOL847X","barodata/BAOL847X_P2_15664.csv",-9.73882586050387,28.2800006866,-8.28625675230613,1.45256910819774,3131,0.642322762346548,21.4107587448849,0.0678429534191434
840,"BAOL533X","barodata/BAOL533X_B_005FD.csv",-14.0606940789562,18.1499996185,-16.9942051963879,2.93351111743173,845,1.31686607483903,43.8955358279677,0.0668293725568938
2960,"BAOL028X","barodata/BAOL028X_B5467.csv",-25.6303502703496,9.64999961853,-24.3009726169284,1.32937765342119,2963,0.667630560417908,22.2543520139303,0.05973562620871
360,"BAOL087A","barodata/BAOL087A_555349.csv",2.94280337215451,36.0600013733,-1.59841492294576,4.54121829510027,360,2.34573644723076,78.191214907692,0.0580783698074185
1480,"BAOL057X","barodata/BAOL057X_78680.csv",-26.4446308935144,9.31999969482,-24.5846470512053,1.85998384230903,1477,1.01312176966264,33.7707256554214,0.0550768100539894
1550,"BAOL811X","barodata/BAOL811X_P2_15634.csv",40.3786581584794,82.7399978638,38.5286294945761,1.85002866390337,1554,1.01275861471464,33.758620490488,0.0548016665676444
1110,"BAOL551X","barodata/BAOL551X_B_B2135.csv",11.2417340933549,53.3600006104,13.2730051713442,2.03127107798927,1108,1.15155734098933,38.3852446996445,0.0529180182094315
810,"BAOL552X","barodata/BAOL552X_B_0078D.csv",7.68339167965538,49.5200004578,9.97206540546331,2.28867372580793,806,1.36240634249284,45.4135447497615,0.0503962801939162
800,"BAOL516X","barodata/BAOL516X_B_00631.csv",-13.647370871109,19.4099998474,-15.9110841819841,2.26371331087511,800,1.35648568292622,45.2161894308741,0.0500642212306689
860,"BAOL508X","barodata/BAOL508X_B_00601.csv",-16.4816072691565,21.2900009155,-14.2949982343343,2.18660903482218,863,1.31424673428903,43.8082244763011,0.049913208329296
810,"BAOL837X","barodata/BAOL837X_P2_15430.csv",-2.37637353298116,37.4300003052,-0.420736856849572,1.95563667613159,813,1.36240634249284,45.4135447497615,0.0430628502335058
110,"BAOL551X","barodata/BAOL551X_B_005F9.csv",7.64667674403742,53.3600006104,13.2730051713442,5.62632842730677,107,4.04217930199742,134.739310066581,0.0417571414350166
670,"BAOL531X","barodata/BAOL531X_B_00559.csv",33.3773040312316,78.7099990845,35.0643631668689,1.6870591356373,669,1.49174574323875,49.7248581079583,0.0339278823475876
710,"BAOL512X","barodata/BAOL512X_B_005F9.csv",-16.1637416547889,20.4799995422,-14.9912913690452,1.17245028574374,714,1.43712683578252,47.9042278594174,0.0244748811980537
2340,"BAOL023X","barodata/BAOL023X_L2520.csv",17.617842074086,59.1800003052,18.2759915428348,0.658149468748785,2339,0.819917538458575,27.3305846152858,0.0240810607607964
1120,"BAOL841X","barodata/BAOL841X_P2_15696.csv",-13.5469569436894,23.1000003815,-12.7390870426389,0.807869901050527,1117,1.13338002902753,37.7793343009176,0.0213839104367412
1170,"BAOL831X","barodata/BAOL831X_P2_16667.csv",-30.4392385278771,3.3599998951,-29.7079802704025,0.731258257474607,1171,1.10327507582508,36.7758358608361,0.0198842049502769
1080,"BAOL844X","barodata/BAOL844X_T5753.csv",-5.04865006910047,32.7900009155,-4.40937172415634,0.639278344944134,1077,1.16803723059484,38.9345743531613,0.016419297130244
840,"BAOL534X","barodata/BAOL534X_B_00553.csv",-17.4840430067714,18.3099994659,-16.8566661761199,0.627376830651446,837,1.31686607483903,43.8955358279677,0.0142924973762757
680,"BAOL826X","barodata/BAOL826X_P2_15615.csv",-24.1990042442589,9,-24.8597250917585,0.660720847499572,679,1.46256092447308,48.7520308157693,0.013552683579406
860,"BAOL509X","barodata/BAOL509X_B_00602.csv",-14.4845982873064,20.4799995422,-14.9912913690452,0.506693081738801,863,1.31424673428903,43.8082244763011,0.0115661633813282
640,"BAOL550X","barodata/BAOL550X_B_B2136.csv",11.2417340933549,51.5999984741,11.7600726690331,0.518338575678209,638,1.52648646039931,50.8828820133104,0.0101868949864636
850,"BAOL803X","barodata/BAOL803X_P2_15640.csv",-24.448141795539,9.02000045776,-24.8425323043282,0.394390508789243,853,1.32158313159691,44.0527710532302,0.00895268332411349
930,"BAOL547X","barodata/BAOL547X_B_004AC.csv",7.23550306160912,46,6.94620368011842,0.289299381490699,926,1.26046872381863,42.0156241272878,0.00688551907771872
840,"BAOL535X","barodata/BAOL535X_B_00556.csv",-17.3210518908998,17.9200000763,-17.1919173330576,0.129134557842207,843,1.31686607483903,43.8955358279677,0.00294186083861242
1070,"BAOL540X","barodata/BAOL540X_B_00612.csv",-15.3642803585836,20.1100006104,-15.3093497385182,0.0549306200654129,1072,1.17637869035252,39.2126230117506,0.00140084023578204
460,"BAOL105X","barodata/BAOL105X_613189.csv",-18.9283495135966,15.8999996185,-18.9283495135966,0,458,1.90592957800552,63.5309859335174,0
680,"BAOL103X","barodata/BAOL103X_T5756.csv",41.5630859740147,86.2699966431,41.5630859740147,0,677,1.46256092447308,48.7520308157693,0
0,"BAOL003X",NA,NA,28.7299995422,-7.89942887261316,NA,0,NA,NA,NA
0,"BAOL011X",NA,NA,60.4599990845,19.3763037050647,NA,0,NA,NA,NA
0,"BAOL020X",NA,NA,18.4500007629,-16.736318303678,NA,0,NA,NA,NA
0,"BAOL025X",NA,NA,31.1599998474,-5.8105527476718,NA,0,NA,NA,NA
0,"BAOL026X",NA,NA,23.1299991608,-12.7132995010805,NA,0,NA,NA,NA
0,"BAOL030X",NA,NA,17.9200000763,-17.1919173330576,NA,0,NA,NA,NA
0,"BAOL035X",NA,NA,7.04263687134,-26.5423129904303,NA,0,NA,NA,NA
0,"BAOL039X",NA,NA,3.61999988556,-29.4844791575036,NA,0,NA,NA,NA
0,"BAOL041X",NA,NA,2.65000009537,-30.3183100827879,NA,0,NA,NA,NA
0,"BAOL042X",NA,NA,3.18000006676,-29.8627116682169,NA,0,NA,NA,NA
0,"BAOL043X",NA,NA,2.05999994278,-30.8254858349142,NA,0,NA,NA,NA
0,"BAOL044X",NA,NA,3.72000002861,-29.3985170648813,NA,0,NA,NA,NA
0,"BAOL046X",NA,NA,1.89999997616,-30.963024957666,NA,0,NA,NA,NA
0,"BAOL048X",NA,NA,8.49520206451,-25.293659339877,NA,0,NA,NA,NA
0,"BAOL049X",NA,NA,18.9305267334,-16.3232487147385,NA,0,NA,NA,NA
0,"BAOL050X",NA,NA,5.96000003815,-27.4729689364371,NA,0,NA,NA,NA
0,"BAOL058X",NA,NA,13.3199996948,-21.1461682650737,NA,0,NA,NA,NA
0,"BAOL059X",NA,NA,41.5999984741,3.16387570366098,NA,0,NA,NA,NA
0,"BAOL060X",NA,NA,5.86000013351,-27.5589308241175,NA,0,NA,NA,NA
0,"BAOL061X",NA,NA,5.69000005722,-27.7050662381092,NA,0,NA,NA,NA
0,"BAOL062X",NA,NA,23.5499992371,-12.3522591629459,NA,0,NA,NA,NA
0,"BAOL063X",NA,NA,56,15.5424006454906,NA,0,NA,NA,NA
0,"BAOL065X",NA,NA,4.94000005722,-28.3497810105121,NA,0,NA,NA,NA
0,"BAOL067X",NA,NA,6.53000020981,-26.9829855618486,NA,0,NA,NA,NA
0,"BAOL069X",NA,NA,37.5699996948,-0.300390624046223,NA,0,NA,NA,NA
0,"BAOL073X",NA,NA,17.1299991608,-17.8710176803038,NA,0,NA,NA,NA
0,"BAOL074X",NA,NA,19.8099994659,-15.5672366313141,NA,0,NA,NA,NA
0,"BAOL075X",NA,NA,29.9300003052,-6.86788458087868,NA,0,NA,NA,NA
0,"BAOL076X",NA,NA,8.73999977112,-25.0832264096079,NA,0,NA,NA,NA
0,"BAOL078X",NA,NA,4.07999992371,-29.089054064302,NA,0,NA,NA,NA
0,"BAOL079X","barodata/BAOL079X_177936.csv",NA,44.9799995422,6.06939119611656,NA,0,NA,NA,NA
0,"BAOL080X",NA,NA,43.3899993896,4.70259574744443,NA,0,NA,NA,NA
0,"BAOL081X",NA,NA,36.4900016785,-1.22877819107882,NA,0,NA,NA,NA
0,"BAOL097X",NA,NA,21.4200000763,-14.1832483951773,NA,0,NA,NA,NA
0,"BAOL099X",NA,NA,36.5,-1.22018343698511,NA,0,NA,NA,NA
0,"BAOL104X",NA,NA,17.1800003052,-17.8280357117282,NA,0,NA,NA,NA
0,"BAOL106X",NA,NA,26.3799991608,-9.91953548733456,NA,0,NA,NA,NA
0,"BAOL504X",NA,NA,5.67999982834,-27.7136626318244,NA,0,NA,NA,NA
0,"BAOL528X","barodata/BAOL528X_B_B2152.csv",-49.2187029155695,78.9800033569,35.2964641575731,84.5151670731426,3,NA,NA,NA
0,"BAOL812X",NA,NA,14.3299999237,-20.2779521748041,NA,0,NA,NA,NA
0,"BAOL821X",NA,NA,14.9499998093,-19.7449880612915,NA,0,NA,NA,NA
0,"BAOL827X",NA,NA,28.6800003052,-7.94240920155019,NA,0,NA,NA,NA
0,"BAOL832X",NA,NA,41.5999984741,3.16387570366098,NA,0,NA,NA,NA
0,"BAOL834X",NA,NA,3.3599998951,-29.7079802704025,NA,0,NA,NA,NA
0,"BAOL843X",NA,NA,5.59999990463,-27.782432141967,NA,0,NA,NA,NA
0,"BAOL851X",NA,NA,63.4099998474,21.9121824656534,NA,0,NA,NA,NA
0,"BAOL852X",NA,NA,74.6999969482,31.6172863473491,NA,0,NA,NA,NA
0,"BAOL853X",NA,NA,31.1599998474,-5.8105527476718,NA,0,NA,NA,NA
0,"BAOL854X",NA,NA,5.84000015259,-27.5761232016467,NA,0,NA,NA,NA
0,"BAOL855X",NA,NA,15.6300001144,-19.1604464053763,NA,0,NA,NA,NA
0,"BAOL856X",NA,NA,9.64999961853,-24.3009726169284,NA,0,NA,NA,NA
0,"BAOL857X",NA,NA,70.5800018311,28.0756573950528,NA,0,NA,NA,NA
0,"BAOL858X",NA,NA,87.0999984741,42.2765718961042,NA,0,NA,NA,NA
0,"BAOL859X",NA,NA,2.77999997139,-30.2065596288137,NA,0,NA,NA,NA
0,"BAOL860X",NA,NA,7.73000001907,-25.9514420899678,NA,0,NA,NA,NA
0,"BAOL861X",NA,NA,12.1700000763,-22.1347305881465,NA,0,NA,NA,NA
0,"BAOL862X",NA,NA,31.1599998474,-5.8105527476718,NA,0,NA,NA,NA
10,NA,NA,NA,NA,NA,NA,NA,8.32623448684968,277.541149561656,NA
20,NA,NA,NA,NA,NA,NA,NA,7.1532532047528,238.44177349176,NA
30,NA,NA,NA,NA,NA,NA,NA,6.17982150254516,205.994050084839,NA
40,NA,NA,NA,NA,NA,NA,NA,5.7171986470923,190.57328823641,NA
50,NA,NA,NA,NA,NA,NA,NA,5.1975820550158,173.252735167193,NA
70,NA,NA,NA,NA,NA,NA,NA,4.53248430418362,151.082810139454,NA
80,NA,NA,NA,NA,NA,NA,NA,4.2524315854427,141.747719514757,NA
90,NA,NA,NA,NA,NA,NA,NA,4.21119357182383,140.373119060794,NA
100,NA,NA,NA,NA,NA,NA,NA,4.10394951653445,136.798317217815,NA
120,NA,NA,NA,NA,NA,NA,NA,3.87849950226676,129.283316742225,NA
130,NA,NA,NA,NA,NA,NA,NA,3.71681585263173,123.893861754391,NA
140,NA,NA,NA,NA,NA,NA,NA,3.62947479329769,120.982493109923,NA
150,NA,NA,NA,NA,NA,NA,NA,3.50943843251683,116.981281083894,NA
170,NA,NA,NA,NA,NA,NA,NA,3.44531084695235,114.843694898412,NA
180,NA,NA,NA,NA,NA,NA,NA,3.34993781900975,111.664593966992,NA
200,NA,NA,NA,NA,NA,NA,NA,3.13256237304229,104.418745768076,NA
220,NA,NA,NA,NA,NA,NA,NA,3.03776344265796,101.258781421932,NA
230,NA,NA,NA,NA,NA,NA,NA,2.95011382650256,98.3371275500854,NA
240,NA,NA,NA,NA,NA,NA,NA,3.01034771986403,100.344923995468,NA
250,NA,NA,NA,NA,NA,NA,NA,2.90690298356868,96.8967661189559,NA
260,NA,NA,NA,NA,NA,NA,NA,2.83042084159781,94.3473613865935,NA
270,NA,NA,NA,NA,NA,NA,NA,2.77516043332257,92.5053477774189,NA
280,NA,NA,NA,NA,NA,NA,NA,2.76009170797299,92.0030569324331,NA
290,NA,NA,NA,NA,NA,NA,NA,2.65681690396649,88.5605634655497,NA
310,NA,NA,NA,NA,NA,NA,NA,2.56607964728019,85.535988242673,NA
330,NA,NA,NA,NA,NA,NA,NA,2.42616207278426,80.8720690928088,NA
340,NA,NA,NA,NA,NA,NA,NA,2.40292997799495,80.0976659331651,NA
350,NA,NA,NA,NA,NA,NA,NA,2.32811118896876,77.6037062989586,NA
370,NA,NA,NA,NA,NA,NA,NA,2.23598191889828,74.5327306299427,NA
380,NA,NA,NA,NA,NA,NA,NA,2.24529245762641,74.8430819208802,NA
390,NA,NA,NA,NA,NA,NA,NA,2.17224866359583,72.4082887865277,NA
400,NA,NA,NA,NA,NA,NA,NA,2.18206007487808,72.7353358292692,NA
430,NA,NA,NA,NA,NA,NA,NA,2.02831569646274,67.6105232154246,NA
440,NA,NA,NA,NA,NA,NA,NA,1.97769790166693,65.9232633888976,NA
450,NA,NA,NA,NA,NA,NA,NA,1.98506534002148,66.1688446673826,NA
470,NA,NA,NA,NA,NA,NA,NA,1.9341690502481,64.4723016749367,NA
480,NA,NA,NA,NA,NA,NA,NA,1.89297115511214,63.0990385037378,NA
490,NA,NA,NA,NA,NA,NA,NA,1.84115285267588,61.3717617558627,NA
510,NA,NA,NA,NA,NA,NA,NA,1.79566556081584,59.8555186938614,NA
520,NA,NA,NA,NA,NA,NA,NA,1.72149310674039,57.3831035580131,NA
530,NA,NA,NA,NA,NA,NA,NA,1.76467331139035,58.8224437130116,NA
540,NA,NA,NA,NA,NA,NA,NA,1.68546167047465,56.1820556824882,NA
560,NA,NA,NA,NA,NA,NA,NA,1.66912340394628,55.6374467982095,NA
570,NA,NA,NA,NA,NA,NA,NA,1.67331066988638,55.777022329546,NA
580,NA,NA,NA,NA,NA,NA,NA,1.63718462955302,54.5728209851007,NA
590,NA,NA,NA,NA,NA,NA,NA,1.640278809821,54.6759603273667,NA
600,NA,NA,NA,NA,NA,NA,NA,1.58048109869074,52.6827032896914,NA
620,NA,NA,NA,NA,NA,NA,NA,1.57343416157508,52.4478053858359,NA
630,NA,NA,NA,NA,NA,NA,NA,1.57134513991866,52.3781713306218,NA
700,NA,NA,NA,NA,NA,NA,NA,1.49424309800659,49.8081032668863,NA
750,NA,NA,NA,NA,NA,NA,NA,1.36634465321883,45.544821773961,NA
770,NA,NA,NA,NA,NA,NA,NA,1.3747811763022,45.8260392100735,NA
820,NA,NA,NA,NA,NA,NA,NA,1.35516782436873,45.1722608122909,NA
830,NA,NA,NA,NA,NA,NA,NA,1.33017393599275,44.3391311997582,NA
880,NA,NA,NA,NA,NA,NA,NA,1.27708277595392,42.5694258651308,NA
890,NA,NA,NA,NA,NA,NA,NA,1.28169386645716,42.7231288819055,NA
940,NA,NA,NA,NA,NA,NA,NA,1.24877079190925,41.6256930636415,NA
950,NA,NA,NA,NA,NA,NA,NA,1.22919614273552,40.9732047578508,NA
970,NA,NA,NA,NA,NA,NA,NA,1.23577155161337,41.192385053779,NA
990,NA,NA,NA,NA,NA,NA,NA,1.21910958808263,40.6369862694211,NA
1020,NA,NA,NA,NA,NA,NA,NA,1.21025585540853,40.3418618469508,NA
1050,NA,NA,NA,NA,NA,NA,NA,1.17756975943649,39.2523253145496,NA
1100,NA,NA,NA,NA,NA,NA,NA,1.15317567913837,38.4391893046123,NA
1130,NA,NA,NA,NA,NA,NA,NA,1.11567340235364,37.189113411788,NA
1150,NA,NA,NA,NA,NA,NA,NA,1.11736263351394,37.2454211171312,NA
1160,NA,NA,NA,NA,NA,NA,NA,1.1159186450792,37.1972881693066,NA
1180,NA,NA,NA,NA,NA,NA,NA,1.09611441243786,36.537147081262,NA
1210,NA,NA,NA,NA,NA,NA,NA,1.11013506104319,37.0045020347731,NA
1220,NA,NA,NA,NA,NA,NA,NA,1.1021395750511,36.7379858350368,NA
1230,NA,NA,NA,NA,NA,NA,NA,1.07681424962178,35.8938083207261,NA
1240,NA,NA,NA,NA,NA,NA,NA,1.0710445489697,35.7014849656565,NA
1250,NA,NA,NA,NA,NA,NA,NA,1.06246530123402,35.4155100411338,NA
1270,NA,NA,NA,NA,NA,NA,NA,1.06067772417599,35.3559241391997,NA
1280,NA,NA,NA,NA,NA,NA,NA,1.04499745841081,34.8332486136937,NA
1290,NA,NA,NA,NA,NA,NA,NA,1.05497849027753,35.1659496759178,NA
1310,NA,NA,NA,NA,NA,NA,NA,1.05522538875566,35.1741796251888,NA
1330,NA,NA,NA,NA,NA,NA,NA,1.04576725489527,34.858908496509,NA
1390,NA,NA,NA,NA,NA,NA,NA,1.02862092539215,34.2873641797382,NA
1420,NA,NA,NA,NA,NA,NA,NA,1.03518035985843,34.506011995281,NA
1430,NA,NA,NA,NA,NA,NA,NA,1.02373888430302,34.1246294767673,NA
1440,NA,NA,NA,NA,NA,NA,NA,1.06222311392904,35.4074371309681,NA
1450,NA,NA,NA,NA,NA,NA,NA,1.04172358588146,34.7241195293819,NA
1470,NA,NA,NA,NA,NA,NA,NA,1.03128353604002,34.3761178680008,NA
1490,NA,NA,NA,NA,NA,NA,NA,1.02730577193149,34.2435257310497,NA
1500,NA,NA,NA,NA,NA,NA,NA,1.02274804246248,34.091601415416,NA
1510,NA,NA,NA,NA,NA,NA,NA,1.03022103351506,34.3407011171687,NA
1520,NA,NA,NA,NA,NA,NA,NA,1.00970655877752,33.6568852925839,NA
1530,NA,NA,NA,NA,NA,NA,NA,1.01040493140984,33.680164380328,NA
1560,NA,NA,NA,NA,NA,NA,NA,1.00627255114996,33.5424183716654,NA
1580,NA,NA,NA,NA,NA,NA,NA,1.01553678063846,33.8512260212821,NA
1590,NA,NA,NA,NA,NA,NA,NA,1.02269599968279,34.0898666560931,NA
1600,NA,NA,NA,NA,NA,NA,NA,1.01277528534967,33.7591761783224,NA
1620,NA,NA,NA,NA,NA,NA,NA,1.01632139790684,33.8773799302279,NA
1630,NA,NA,NA,NA,NA,NA,NA,0.992630928653356,33.0876976217785,NA
1650,NA,NA,NA,NA,NA,NA,NA,0.989679021062023,32.9893007020674,NA
1670,NA,NA,NA,NA,NA,NA,NA,1.00183013857556,33.3943379525187,NA
1700,NA,NA,NA,NA,NA,NA,NA,0.996943881859263,33.2314627286421,NA
1710,NA,NA,NA,NA,NA,NA,NA,0.998170185194479,33.2723395064826,NA
1730,NA,NA,NA,NA,NA,NA,NA,0.975284278936827,32.5094759645609,NA
1740,NA,NA,NA,NA,NA,NA,NA,0.999376653140377,33.3125551046792,NA
1760,NA,NA,NA,NA,NA,NA,NA,0.988752619819479,32.9584206606493,NA
1770,NA,NA,NA,NA,NA,NA,NA,0.998459370409204,33.2819790136401,NA
1780,NA,NA,NA,NA,NA,NA,NA,0.976423131909413,32.5474377303138,NA
1790,NA,NA,NA,NA,NA,NA,NA,0.964102473184841,32.1367491061614,NA
1800,NA,NA,NA,NA,NA,NA,NA,0.952129854644653,31.7376618214884,NA
1820,NA,NA,NA,NA,NA,NA,NA,0.99387133702423,33.1290445674743,NA
1830,NA,NA,NA,NA,NA,NA,NA,0.973886204773285,32.4628734924428,NA
1840,NA,NA,NA,NA,NA,NA,NA,0.940660301391697,31.3553433797232,NA
1860,NA,NA,NA,NA,NA,NA,NA,0.974102239552197,32.4700746517399,NA
1870,NA,NA,NA,NA,NA,NA,NA,0.965040998703132,32.1680332901044,NA
1880,NA,NA,NA,NA,NA,NA,NA,0.943697129070231,31.4565709690077,NA
1900,NA,NA,NA,NA,NA,NA,NA,0.957152903392612,31.9050967797537,NA
1910,NA,NA,NA,NA,NA,NA,NA,0.955670318575344,31.8556772858448,NA
1920,NA,NA,NA,NA,NA,NA,NA,0.951610144762761,31.7203381587587,NA
1930,NA,NA,NA,NA,NA,NA,NA,0.936811594804245,31.2270531601415,NA
1940,NA,NA,NA,NA,NA,NA,NA,0.960516234284156,32.0172078094719,NA
1950,NA,NA,NA,NA,NA,NA,NA,0.943591967859936,31.4530655953312,NA
1960,NA,NA,NA,NA,NA,NA,NA,0.95739556326667,31.9131854422223,NA
1980,NA,NA,NA,NA,NA,NA,NA,0.951384725107765,31.7128241702588,NA
1990,NA,NA,NA,NA,NA,NA,NA,0.932633999219708,31.0877999739903,NA
2010,NA,NA,NA,NA,NA,NA,NA,0.920840450089624,30.6946816696541,NA
2020,NA,NA,NA,NA,NA,NA,NA,0.907576529512811,30.2525509837604,NA
2030,NA,NA,NA,NA,NA,NA,NA,0.936557316879228,31.2185772293076,NA
2040,NA,NA,NA,NA,NA,NA,NA,0.892729139540937,29.7576379846979,NA
2050,NA,NA,NA,NA,NA,NA,NA,0.89636622812439,29.878874270813,NA
2060,NA,NA,NA,NA,NA,NA,NA,0.894672235164388,29.8224078388129,NA
2070,NA,NA,NA,NA,NA,NA,NA,0.921946283906583,30.7315427968861,NA
2080,NA,NA,NA,NA,NA,NA,NA,0.963254659014567,32.1084886338189,NA
2090,NA,NA,NA,NA,NA,NA,NA,0.942085611946864,31.4028537315621,NA
2100,NA,NA,NA,NA,NA,NA,NA,0.902519240933054,30.0839746977685,NA
2110,NA,NA,NA,NA,NA,NA,NA,0.887279294768604,29.5759764922868,NA
2120,NA,NA,NA,NA,NA,NA,NA,0.879806811221708,29.3268937073903,NA
2130,NA,NA,NA,NA,NA,NA,NA,0.92643658891637,30.8812196305457,NA
2140,NA,NA,NA,NA,NA,NA,NA,0.923505796798832,30.7835265599611,NA
2150,NA,NA,NA,NA,NA,NA,NA,0.890047977862332,29.6682659287444,NA
2180,NA,NA,NA,NA,NA,NA,NA,0.89665264023495,29.888421341165,NA
2190,NA,NA,NA,NA,NA,NA,NA,0.882210468006745,29.4070156002248,NA
2200,NA,NA,NA,NA,NA,NA,NA,0.885015344863348,29.5005114954449,NA
2220,NA,NA,NA,NA,NA,NA,NA,0.88843806071893,29.6146020239643,NA
2230,NA,NA,NA,NA,NA,NA,NA,0.868984796535255,28.9661598845085,NA
2240,NA,NA,NA,NA,NA,NA,NA,0.865034167483787,28.8344722494596,NA
2250,NA,NA,NA,NA,NA,NA,NA,0.849918890950251,28.3306296983417,NA
2260,NA,NA,NA,NA,NA,NA,NA,0.85621236419231,28.5404121397437,NA
2270,NA,NA,NA,NA,NA,NA,NA,0.850102560548466,28.3367520182822,NA
2280,NA,NA,NA,NA,NA,NA,NA,0.843746448039358,28.1248816013119,NA
2290,NA,NA,NA,NA,NA,NA,NA,0.867039988689599,28.90133295632,NA
2300,NA,NA,NA,NA,NA,NA,NA,0.8283342164045,27.6111405468167,NA
2310,NA,NA,NA,NA,NA,NA,NA,0.844122358000546,28.1374119333515,NA
2320,NA,NA,NA,NA,NA,NA,NA,0.841404582069742,28.0468194023247,NA
2330,NA,NA,NA,NA,NA,NA,NA,0.828218472707327,27.6072824235776,NA
2360,NA,NA,NA,NA,NA,NA,NA,0.825225428228003,27.5075142742668,NA
2370,NA,NA,NA,NA,NA,NA,NA,0.817039709002913,27.2346569667638,NA
2380,NA,NA,NA,NA,NA,NA,NA,0.831821888554925,27.7273962851642,NA
2390,NA,NA,NA,NA,NA,NA,NA,0.791619766637445,26.3873255545815,NA
2400,NA,NA,NA,NA,NA,NA,NA,0.799355713911295,26.6451904637098,NA
2410,NA,NA,NA,NA,NA,NA,NA,0.801722689244022,26.7240896414674,NA
2420,NA,NA,NA,NA,NA,NA,NA,0.821555051321551,27.385168377385,NA
2430,NA,NA,NA,NA,NA,NA,NA,0.785598592003666,26.1866197334555,NA
2440,NA,NA,NA,NA,NA,NA,NA,0.784326660843021,26.1442220281007,NA
2450,NA,NA,NA,NA,NA,NA,NA,0.78042844201746,26.014281400582,NA
2460,NA,NA,NA,NA,NA,NA,NA,0.802621148418654,26.7540382806218,NA
2480,NA,NA,NA,NA,NA,NA,NA,0.770684169879869,25.689472329329,NA
2510,NA,NA,NA,NA,NA,NA,NA,0.773409562052949,25.7803187350983,NA
2520,NA,NA,NA,NA,NA,NA,NA,0.766747820859024,25.5582606953008,NA
2530,NA,NA,NA,NA,NA,NA,NA,0.761683794390748,25.3894598130249,NA
2550,NA,NA,NA,NA,NA,NA,NA,0.752531327203536,25.0843775734512,NA
2560,NA,NA,NA,NA,NA,NA,NA,0.764922745808123,25.4974248602708,NA
2570,NA,NA,NA,NA,NA,NA,NA,0.772791257938037,25.7597085979346,NA
2580,NA,NA,NA,NA,NA,NA,NA,0.762890469268377,25.4296823089459,NA
2590,NA,NA,NA,NA,NA,NA,NA,0.754796125101411,25.1598708367137,NA
2600,NA,NA,NA,NA,NA,NA,NA,0.743568475627504,24.7856158542501,NA
2610,NA,NA,NA,NA,NA,NA,NA,0.744493844834339,24.816461494478,NA
2620,NA,NA,NA,NA,NA,NA,NA,0.746917966336042,24.8972655445347,NA
2630,NA,NA,NA,NA,NA,NA,NA,0.741116514493097,24.7038838164366,NA
2640,NA,NA,NA,NA,NA,NA,NA,0.736795220476267,24.5598406825422,NA
2650,NA,NA,NA,NA,NA,NA,NA,0.736197939712935,24.5399313237645,NA
2660,NA,NA,NA,NA,NA,NA,NA,0.734044940987394,24.4681646995798,NA
2670,NA,NA,NA,NA,NA,NA,NA,0.731742539446333,24.3914179815444,NA
2680,NA,NA,NA,NA,NA,NA,NA,0.723826082746793,24.1275360915598,NA
2690,NA,NA,NA,NA,NA,NA,NA,0.724607673451805,24.1535891150602,NA
2700,NA,NA,NA,NA,NA,NA,NA,0.724690879977996,24.1563626659332,NA
2710,NA,NA,NA,NA,NA,NA,NA,0.713335218716718,23.7778406238906,NA
2720,NA,NA,NA,NA,NA,NA,NA,0.717208720423681,23.906957347456,NA
2730,NA,NA,NA,NA,NA,NA,NA,0.725663593075365,24.1887864358455,NA
2740,NA,NA,NA,NA,NA,NA,NA,0.714903477949915,23.8301159316638,NA
2750,NA,NA,NA,NA,NA,NA,NA,0.713276854371843,23.7758951457281,NA
2760,NA,NA,NA,NA,NA,NA,NA,0.710990677157307,23.6996892385769,NA
2770,NA,NA,NA,NA,NA,NA,NA,0.719939531689843,23.9979843896615,NA
2780,NA,NA,NA,NA,NA,NA,NA,0.711508387924516,23.7169462641505,NA
2790,NA,NA,NA,NA,NA,NA,NA,0.713861634148014,23.7953878049338,NA
2800,NA,NA,NA,NA,NA,NA,NA,0.717157403570403,23.9052467856801,NA
2810,NA,NA,NA,NA,NA,NA,NA,0.705966789505024,23.5322263168341,NA
2820,NA,NA,NA,NA,NA,NA,NA,0.687851611358668,22.9283870452889,NA
2830,NA,NA,NA,NA,NA,NA,NA,0.70711374870377,23.5704582901257,NA
2850,NA,NA,NA,NA,NA,NA,NA,0.699757924165828,23.3252641388609,NA
2860,NA,NA,NA,NA,NA,NA,NA,0.698271938899269,23.2757312966423,NA
2870,NA,NA,NA,NA,NA,NA,NA,0.693317664002534,23.1105888000845,NA
2880,NA,NA,NA,NA,NA,NA,NA,0.687957928636659,22.9319309545553,NA
2890,NA,NA,NA,NA,NA,NA,NA,0.697695403786633,23.2565134595544,NA
2900,NA,NA,NA,NA,NA,NA,NA,0.674007721651459,22.4669240550486,NA
2910,NA,NA,NA,NA,NA,NA,NA,0.691641962956309,23.0547320985436,NA
2920,NA,NA,NA,NA,NA,NA,NA,0.678841055703677,22.6280351901226,NA
2930,NA,NA,NA,NA,NA,NA,NA,0.695559182063616,23.1853060687872,NA
2940,NA,NA,NA,NA,NA,NA,NA,0.696595566781889,23.219852226063,NA
2950,NA,NA,NA,NA,NA,NA,NA,0.682248443528167,22.7416147842722,NA
2970,NA,NA,NA,NA,NA,NA,NA,0.678682307680958,22.6227435893653,NA
2980,NA,NA,NA,NA,NA,NA,NA,0.681372535694465,22.7124178564822,NA
2990,NA,NA,NA,NA,NA,NA,NA,0.679113933241756,22.6371311080585,NA
3000,NA,NA,NA,NA,NA,NA,NA,0.677892806021159,22.596426867372,NA
3010,NA,NA,NA,NA,NA,NA,NA,0.670320483388889,22.344016112963,NA
3020,NA,NA,NA,NA,NA,NA,NA,0.664694329600884,22.1564776533628,NA
3030,NA,NA,NA,NA,NA,NA,NA,0.665391986485913,22.1797328828638,NA
3060,NA,NA,NA,NA,NA,NA,NA,0.665558789921907,22.1852929973969,NA
3070,NA,NA,NA,NA,NA,NA,NA,0.661869787546825,22.0623262515608,NA
3090,NA,NA,NA,NA,NA,NA,NA,0.663070077779294,22.1023359259765,NA
3100,NA,NA,NA,NA,NA,NA,NA,0.645849471938674,21.5283157312891,NA
3110,NA,NA,NA,NA,NA,NA,NA,0.642292934696948,21.4097644898983,NA
3120,NA,NA,NA,NA,NA,NA,NA,0.651155081058743,21.7051693686248,NA
3150,NA,NA,NA,NA,NA,NA,NA,0.635924499901013,21.1974833300338,NA
3160,NA,NA,NA,NA,NA,NA,NA,0.638833981264113,21.2944660421371,NA
3170,NA,NA,NA,NA,NA,NA,NA,0.638510398037307,21.2836799345769,NA
3180,NA,NA,NA,NA,NA,NA,NA,0.618252858790774,20.6084286263591,NA
3190,NA,NA,NA,NA,NA,NA,NA,0.612571877817396,20.4190625939132,NA
3200,NA,NA,NA,NA,NA,NA,NA,0.616571330190634,20.5523776730212,NA
3210,NA,NA,NA,NA,NA,NA,NA,0.626352463313488,20.8784154437829,NA
3250,NA,NA,NA,NA,NA,NA,NA,0.613966984405337,20.4655661468446,NA
3260,NA,NA,NA,NA,NA,NA,NA,0.601532020960599,20.0510673653533,NA
3270,NA,NA,NA,NA,NA,NA,NA,0.606697061688981,20.2232353896327,NA
3280,NA,NA,NA,NA,NA,NA,NA,0.581305749662326,19.3768583220775,NA
3300,NA,NA,NA,NA,NA,NA,NA,0.579979286841026,19.3326428947009,NA
3310,NA,NA,NA,NA,NA,NA,NA,0.602974989870821,20.0991663290274,NA
3320,NA,NA,NA,NA,NA,NA,NA,0.5835342084427,19.4511402814233,NA
3330,NA,NA,NA,NA,NA,NA,NA,0.575612056943934,19.1870685647978,NA
3340,NA,NA,NA,NA,NA,NA,NA,0.586659488352336,19.5553162784112,NA
3350,NA,NA,NA,NA,NA,NA,NA,0.582251546337924,19.4083848779308,NA
3370,NA,NA,NA,NA,NA,NA,NA,0.56261244835036,18.7537482783453,NA
3380,NA,NA,NA,NA,NA,NA,NA,0.561478700369837,18.7159566789946,NA
3390,NA,NA,NA,NA,NA,NA,NA,0.557251383378165,18.5750461126055,NA
3400,NA,NA,NA,NA,NA,NA,NA,0.555554604177977,18.5184868059326,NA
3410,NA,NA,NA,NA,NA,NA,NA,0.567383992256536,18.9127997418845,NA
3420,NA,NA,NA,NA,NA,NA,NA,0.556146877912616,18.5382292637539,NA
3430,NA,NA,NA,NA,NA,NA,NA,0.534640838478711,17.8213612826237,NA
3440,NA,NA,NA,NA,NA,NA,NA,0.523700075509254,17.4566691836418,NA
3450,NA,NA,NA,NA,NA,NA,NA,0.530719772328157,17.6906590776052,NA
3460,NA,NA,NA,NA,NA,NA,NA,0.539910103733899,17.9970034577966,NA
3470,NA,NA,NA,NA,NA,NA,NA,0.509189532717312,16.9729844239104,NA
3490,NA,NA,NA,NA,NA,NA,NA,0.534012706735866,17.8004235578622,NA
3500,NA,NA,NA,NA,NA,NA,NA,0.516613026255176,17.2204342085059,NA
3900,"BAOL087X","barodata/BAOL087X_179808.csv",-4.95590375346812,NA,NA,NA,3903,0.509189532717312,16.9729844239104,NA
